songID,title,artist,repertoire,role,split,year,sourcePath,procPath,durationSec,sha256
1,"What_s Up (Official Music Video) [6NXnxTNIWkc]","4 Non Blondes",american,db,test,0,"american/4 Non Blondes - What_s Up (Official Music Video) [6NXnxTNIWkc].wav",mono8k/song_0001.wav,292.59475,8954123c2c321adc4862b9f71f2c6c3335a5561362f24c74a2335dbfdafe4f95
2,"Into You (Official Video) [1ekZEVeXwek]","Ariana Grande",american,db,test,0,"american/Ariana Grande - Into You (Official Video) [1ekZEVeXwek].wav",mono8k/song_0002.wav,254.8275,0e21bb77e0e50b08d3287cab09c67317ea9c51140643950fcb773d72b4d11186
3,"One Last Time (Official Lyric Video) [Wg92RrNhB8s]","Ariana Grande",american,db,test,0,"american/Ariana Grande - One Last Time (Official Lyric Video) [Wg92RrNhB8s].wav",mono8k/song_0003.wav,198.890625,cbed2b123cef673dc2e72069c521fee28e4320a8a80ebfba32da64931368b4e6
4,"Kings & Queens [Official Music Video] [jH1RNk8954Q]","Ava Max",american,db,test,0,"american/Ava Max - Kings & Queens [Official Music Video] [jH1RNk8954Q].wav",mono8k/song_0004.wav,162.388875,0e789f1a4672fa729a05616667cffef4f7134f45acfbccaec64de6a453637428
5,"Sweet but Psycho [Official Music Video] [WXBHCQYxwr0]","Ava Max",american,db,dev,0,"american/Ava Max - Sweet but Psycho [Official Music Video] [WXBHCQYxwr0].wav",mono8k/song_0005.wav,207.1685,ab9c8b98e0ae96b323bfc313753c5956091b67e0a78e267f6fd78bda0cd3853d
6,"I Want It That Way (Official HD Video) [4fndeDfaWCg]","Backstreet Boys",american,db,dev,0,"american/Backstreet Boys - I Want It That Way (Official HD Video) [4fndeDfaWCg].wav",mono8k/song_0006.wav,219.266125,312e899adc439bd396ffe2c8ed8af4974417fe0dd6c67b34709ab3d45a7cc4c3
7,"Meant to Be (feat. Florida Georgia Line) [Official Music Video] [zDo0H8Fm7d0]","Bebe Rexha",american,db,dev,0,"american/Bebe Rexha - Meant to Be (feat. Florida Georgia Line) [Official Music Video] [zDo0H8Fm7d0].wav",mono8k/song_0007.wav,177.934625,1a868dd70dae8793aebbac0aef5be4556a64aebaf6f5b5d608ad6818f432d653
8,"Ain_t No Sunshine (Official Audio) [YuKfiH0Scao]","Bill Withers",american,db,test,0,"american/Bill Withers - Ain_t No Sunshine (Official Audio) [YuKfiH0Scao].wav",mono8k/song_0008.wav,126.4,9b0666819089c538a72bd0918a9b0b97bc8bded831d4ebc77918155e2933a917
9,"lovely [V1Pl8CzNzCw]","Billie Eilish, Khalid",american,db,test,0,"american/Billie Eilish, Khalid - lovely [V1Pl8CzNzCw].wav",mono8k/song_0009.wav,200.469375,460c999b249885725a2250b22ae19c362f6416b594c38154d064a9a2f42af3c7
10,"No Diggity (Official Music Video) ft. Dr. Dre, Queen Pen [3KL9mRus19o]","Blackstreet",american,db,test,0,"american/Blackstreet - No Diggity (Official Music Video) ft. Dr. Dre, Queen Pen [3KL9mRus19o].wav",mono8k/song_0010.wav,270.47775,97b183cbbe004dcc88c8ec5c166908d46a64e33fc318e44f57d2b69119e41337
11,"When I Was Your Man (Official Music Video) [ekzHIouo8Q4]","Bruno Mars",american,db,dev,0,"american/Bruno Mars - When I Was Your Man (Official Music Video) [ekzHIouo8Q4].wav",mono8k/song_0011.wav,234.068875,95da5c138168d41c57f5363a86aad633167bfb44281d01827cadb0e20b917800
12,"We Don_t Talk Anymore (feat. Selena Gomez) [Official Video] [3AtDnEC4zak]","Charlie Puth",american,db,test,0,"american/Charlie Puth - We Don_t Talk Anymore (feat. Selena Gomez) [Official Video] [3AtDnEC4zak].wav",mono8k/song_0012.wav,230.4465,892500b4a8f9dba8f5c273c5744b86558a30c7e90e213780ab2524c6439935dd
13,"Say My Name (Official Video) [sQgd6MccwZc]","Destiny_s Child",american,db,test,0,"american/Destiny_s Child - Say My Name (Official Video) [sQgd6MccwZc].wav",mono8k/song_0013.wav,239.44425,08d2a3244a5fc5697c7f4b173e9c361eb995cd5bff4d534666d89009a0fce24e
14,"End Of Beginning (Official Audio) [xy3AcmW0lrQ]","Djo",american,db,test,0,"american/Djo - End Of Beginning (Official Audio) [xy3AcmW0lrQ].wav",mono8k/song_0014.wav,159.3005,670871eb81fe020bbab8ce36284249447b501a19d6c1b5f478e27aeebc8f39b7
15,"Kiss Me More (Official Video) ft. SZA [0EVVKs6DQLo]","Doja Cat",american,db,test,0,"american/Doja Cat - Kiss Me More (Official Video) ft. SZA [0EVVKs6DQLo].wav",mono8k/song_0015.wav,315.524375,18a076f5f314fde590f714025f3a6fef2105dee77d7208e7543317f182a132d9
16,"Iris [Official Music Video] [4K Remaster] [NdYWuo9OFAw]","Goo Goo Dolls",american,db,test,0,"american/Goo Goo Dolls - Iris [Official Music Video] [4K Remaster] [NdYWuo9OFAw].wav",mono8k/song_0016.wav,215.550875,dbddb5810f5b9817a5d79f1a4d796ebd05f932b4f7b511da6b596c7f5239d773
17,"Best Part (Lyrics) Ft. Daniel Caesar [75-Com9Bo_s]","H.E.R.",american,db,test,0,"american/H.E.R. - Best Part (Lyrics) Ft. Daniel Caesar [75-Com9Bo_s].wav",mono8k/song_0017.wav,209.455625,420fcd8d30f7d8cd260000a44713d55516e678e131d1a1b9a9c228f4bc571351
18,"Love Myself (Official Video) [bMpFmHSgC4Q]","Hailee Steinfeld",american,db,test,0,"american/Hailee Steinfeld - Love Myself (Official Video) [bMpFmHSgC4Q].wav",mono8k/song_0018.wav,240.106,2909f64c24d9f041dc7a235d44d0719196ae95ad62a566274c0820ab29638362
19,"Next To Me (Audio) [-C_rvt0SwLE]","Imagine Dragons",american,db,test,0,"american/Imagine Dragons - Next To Me (Audio) [-C_rvt0SwLE].wav",mono8k/song_0019.wav,229.7035,8307b31cb07eb1f873dd577b25130fe2c98fb7e1df7d2e70225cf32c8efd3e53
20,"Thunder [fKopy74weus]","Imagine Dragons",american,db,test,0,"american/Imagine Dragons - Thunder [fKopy74weus].wav",mono8k/song_0020.wav,203.97575,f2442d0349e5402d2f269ab2059b5b972e2e7a6082fed1029f792f4a7b136a10
21,"I_m Yours (Official Video) [7gO-jFLIgdk]","Jason Mraz",american,db,test,0,"american/Jason Mraz - I_m Yours (Official Video) [7gO-jFLIgdk].wav",mono8k/song_0021.wav,220.97275,7061274a6dc1b1e7d0f48b65ff238611928307e70ee6c45b6aa6152cf1bb1d4b
22,"comethru (Official Video) [jO2viLEW-1A]","Jeremy Zucker",american,db,dev,0,"american/Jeremy Zucker - comethru (Official Video) [jO2viLEW-1A].wav",mono8k/song_0022.wav,180.65075,ddc283098edda3e4afd2d730201ac523b3e8282a5885aeaabb36d5e54105c946
23,"CAN_T STOP THE FEELING! (from DreamWorks Animation_s ＂TROLLS＂) (Official Video) [ru0K8uYEZWw]","Justin Timberlake",american,db,test,0,"american/Justin Timberlake - CAN_T STOP THE FEELING! (from DreamWorks Animation_s ＂TROLLS＂) (Official Video) [ru0K8uYEZWw].wav",mono8k/song_0023.wav,285.83775,218c1026949050fb3870e9c31fdac2ba28db4a301f5e3ef201eb081b843165f6
24,"Firework (Official Music Video) [QGJuMBdaqIw]","Katy Perry",american,db,test,0,"american/Katy Perry - Firework (Official Music Video) [QGJuMBdaqIw].wav",mono8k/song_0024.wav,233.2445,5f772a782522a14da9a0b629c67b237ce322eba7fc689e4a7639d6e2b4f803f1
25,"Since U Been Gone (Official Video) [R7UrFYvl5TE]","Kelly Clarkson",american,db,test,0,"american/Kelly Clarkson - Since U Been Gone (Official Video) [R7UrFYvl5TE].wav",mono8k/song_0025.wav,191.820125,dd66b18783ccb1f4de745749057a7021b2334b175bd3584412603ad98bd4df89
26,"Young Dumb & Broke (Official Video) [IPfJnp1guPc]","Khalid",american,db,test,0,"american/Khalid - Young Dumb & Broke (Official Video) [IPfJnp1guPc].wav",mono8k/song_0026.wav,247.04875,7a2c88e204e4a495a491ef0831e50f833ac55c092fc789b91536431cbef05504
27,"Nothing Even Matters feat. D_Angelo [5aDIqM0n0Eg]","Lauryn Hill",american,db,test,0,"american/Lauryn Hill - Nothing Even Matters feat. D_Angelo [5aDIqM0n0Eg].wav",mono8k/song_0027.wav,350.540125,74c640da21abc0c465c38631bf2f5055f493dc92258e3d0edcfc7d33958bd49f
28,"In The End [Official HD Music Video] [eVTXPUF4Oz4]","Linkin Park",american,db,test,0,"american/Linkin Park - In The End [Official HD Music Video] [eVTXPUF4Oz4].wav",mono8k/song_0028.wav,218.22125,2490fb16cbbfad2d4c247bac9801475aee8660b2ff5e1f1655990bdddd3fe7a4
29,"Good As Hell (Video) [SmbmeOgWsqE]","Lizzo",american,db,test,0,"american/Lizzo - Good As Hell (Video) [SmbmeOgWsqE].wav",mono8k/song_0029.wav,165.906625,a7ae7e5951be869741e903b125ec3a3bd716674c32feb059aa6f1df86e2299bc
30,"Girls Like You ft. Cardi B (Official Music Video) [aJOTlE1K90k]","Maroon 5",american,db,dev,0,"american/Maroon 5 - Girls Like You ft. Cardi B (Official Music Video) [aJOTlE1K90k].wav",mono8k/song_0030.wav,270.784,1e12449f0b47761770de72e1444389e2e7f58e5e088e3bf083c390c617df9989
31,"Alone (Official Music Video) [ALZHF5UqnU4]","Marshmello",american,db,test,0,"american/Marshmello - Alone (Official Music Video) [ALZHF5UqnU4].wav",mono8k/song_0031.wav,199.4595,ca896b4d6a10957ba0ef55d20b1fe70be39046702b68c37c070391cb83409bca
32,"All About That Bass (Official Video) [7PCkvCPvDXk]","Meghan Trainor",american,db,test,0,"american/Meghan Trainor - All About That Bass (Official Video) [7PCkvCPvDXk].wav",mono8k/song_0032.wav,189.9045,5d7e3faab67c2279143f44b3565dbecb43c3baacc0b5fe328b79d002c01cf41e
33,"drivers license (Official Video) [ZmDBbnmKpqQ]","Olivia Rodrigo",american,db,dev,0,"american/Olivia Rodrigo - drivers license (Official Video) [ZmDBbnmKpqQ].wav",mono8k/song_0033.wav,247.014,f6542f9aa09347c3adb16ef9fe2dc12e6ea2dc913a17e68bc673394e64fd4b03
34,"Timber (featuring Ke$ha - Official Video) [hHUbLv4ThOo]","Pitbull, Ke$ha",american,db,test,0,"american/Pitbull, Ke$ha - Timber (featuring Ke$ha - Official Video) [hHUbLv4ThOo].wav",mono8k/song_0034.wav,214.03,0551b5594518c47e5844eaa80d841c290ec06b502dbae0e6c6f9c6e7e07e842e
35,"Sunflower (Spider-Man： Into the Spider-Verse) [ApXoWvfEYVU]","Post Malone, Swae Lee",american,db,test,0,"american/Post Malone, Swae Lee - Sunflower (Spider-Man： Into the Spider-Verse) [ApXoWvfEYVU].wav",mono8k/song_0035.wav,161.669,269d431a3702ced0321ae31dcfb454caa28926c2fc788872fa03ad3b245f834c
36,"Adore (2020 Remaster) [uIgQ-tI3pbU]","Prince",american,db,test,0,"american/Prince - Adore (2020 Remaster) [uIgQ-tI3pbU].wav",mono8k/song_0036.wav,394.8645,564e845d755515ccfc3a5eda44f3039f0c9b9e1e664f955910785fe0f9f1b5f2
37,"Kiss Of Life - Official - 1993 [MmOau-PMWJk]","Sade",american,db,test,0,"american/Sade - Kiss Of Life - Official - 1993 [MmOau-PMWJk].wav",mono8k/song_0037.wav,251.4025,ee58a128a01c2e3a125646086f1d3d6cce08d27da4d7cee55e3755401e046640
38,"Back To You [VY1eFxgRR-k]","Selena Gomez",american,db,dev,0,"american/Selena Gomez - Back To You [VY1eFxgRR-k].wav",mono8k/song_0038.wav,267.37075,d5e62c0d26c4fef13acf14b35d0e3b1e1d13bcf00eca89984aa2a9b99c0833d5
39,"Lose You To Love Me (Official Music Video) [zlJDTxahav0]","Selena Gomez",american,db,test,0,"american/Selena Gomez - Lose You To Love Me (Official Music Video) [zlJDTxahav0].wav",mono8k/song_0039.wav,206.92475,140eb53c69cbfc2cb3804ac0c9e370cc99d43bc3ffbb02b2a3d4e071a02b1029
40,"Cranes in the Sky (Official Video) [S0qrinhNnOM]","Solange",american,db,test,0,"american/Solange - Cranes in the Sky (Official Video) [S0qrinhNnOM].wav",mono8k/song_0040.wav,272.23075,be83c01f8b32d08d9a8899db114287e47ed23df48508e3980ffe0d624b41fb87
41,"Superstition [ftdZ363R9kQ]","Steve Wonder",american,db,dev,0,"american/Steve Wonder - Superstition [ftdZ363R9kQ].wav",mono8k/song_0041.wav,266.133375,ef9d554c1f27910c180938910c90ee653c89f0786cd3f18e85ebd6b91d18c440
42,"Shake It Off [nfWlot6h_JM]","Taylor Swift",american,db,test,0,"american/Taylor Swift - Shake It Off [nfWlot6h_JM].wav",mono8k/song_0042.wav,241.592125,1f5f97ef575050f79fee2fc005e4fcc3362971dc2fb206fe347841208e14b8fa
43,"cardigan [K-a8s8OLBSE]","Taylor Swift",american,db,dev,0,"american/Taylor Swift - cardigan [K-a8s8OLBSE].wav",mono8k/song_0043.wav,274.529625,e3f295c1ecac63c2310c3185ac9ddabf802bd7d6921b6004c61a23265f6004be
44,"Closer (Official Video) ft. Halsey [0zGcUoRlhmw]","The Chainsmokers",american,db,test,0,"american/The Chainsmokers - Closer (Official Video) ft. Halsey [0zGcUoRlhmw].wav",mono8k/song_0044.wav,246.921,7a5ebec02738fb245986c5403b43e11f3a59f959daf3893f38c41d3396963ff8
45,"Don_t Let Me Down (Official Video) ft. Daya [Io0fBr1XBUA]","The Chainsmokers",american,db,test,0,"american/The Chainsmokers - Don_t Let Me Down (Official Video) ft. Daya [Io0fBr1XBUA].wav",mono8k/song_0045.wav,217.849625,e2bf5f382367b1f19a29e480e5767b4177859f049363387826873a8fd81bd3cd
46,"Hey, Soul Sister (Official Video) [kVpv8-5XWOI]","Train",american,db,test,0,"american/Train - Hey, Soul Sister (Official Video) [kVpv8-5XWOI].wav",mono8k/song_0046.wav,217.43175,234679390b96148ffb62c5161433a5e416706da28f88a8dfabcd9b4b2d5eb197
47,"See You Again ft. Charlie Puth [Official Video] Furious 7 Soundtrack [RgKAFK5djSk]","Wiz Khalifa",american,db,test,0,"american/Wiz Khalifa - See You Again ft. Charlie Puth [Official Video] Furious 7 Soundtrack [RgKAFK5djSk].wav",mono8k/song_0047.wav,237.366,26c4261f4d0ccd5d34f141d0bb1920064dcb5c5bfb4342e8093eeab885602b4c
48,"Eastside (official video) [56WBK4ZK_cw]","benny blanco, Halsey & Khalid",american,db,test,0,"american/benny blanco, Halsey & Khalid - Eastside (official video) [56WBK4ZK_cw].wav",mono8k/song_0048.wav,174.010375,68cf0569525cbeae61d1bca9dbd6141832ad6ef23dcf0617874de9b52b9a27a8
49,"Heathens (from Suicide Squad： The Album) [OFFICIAL VIDEO] [UprcpdwuwCg]","twenty one pilots",american,db,test,0,"american/twenty one pilots - Heathens (from Suicide Squad： The Album) [OFFICIAL VIDEO] [UprcpdwuwCg].wav",mono8k/song_0049.wav,217.89875,88ee49cfd975dbf2497e6a9c0dec83722e9cccdaab4ca9c79785ab8ebc8e513f
50,"Ride (Official Video) [Pw-0pbY9JeU]","twenty one pilots",american,db,test,0,"american/twenty one pilots - Ride (Official Video) [Pw-0pbY9JeU].wav",mono8k/song_0050.wav,225.2685,7c4e561a16741fbb75680e6e54262a98874da052e08406c69c926067245ad042
51,"no tears left to cry (Official Video) [ffxKSjUwKdU]","Ariana Grande",american,holdout,dev,0,"holdout/american/Ariana Grande - no tears left to cry (Official Video) [ffxKSjUwKdU].wav",mono8k/song_0051.wav,238.1555,e66781c272b431f33d9eaf85f47d1a40a831422693035d9b29a9a45235175b4d
52,"Untitled (How Does It Feel) (Official Music Video) [SxVNOnPyvIU]","D_Angelo",american,holdout,test,0,"holdout/american/D_Angelo - Untitled (How Does It Feel) (Official Music Video) [SxVNOnPyvIU].wav",mono8k/song_0052.wav,263.104,6488c44fe973fe77d8e853993029758974ae209f99c7c3a15950d189daa8115c
53,"Counting Stars [hT_nvWreIhg]","OneRepublic",american,holdout,dev,0,"holdout/american/OneRepublic - Counting Stars [hT_nvWreIhg].wav",mono8k/song_0053.wav,283.03975,9f792897156e01cfe4a709f94c94a3a53a7800a58920beca8f6a76596d5dc02c
54,"Just Give Me A Reason ft. Nate Ruess [OpQFFLBMEPI]","P!nk",american,holdout,test,0,"holdout/american/P!nk - Just Give Me A Reason ft. Nate Ruess [OpQFFLBMEPI].wav",mono8k/song_0054.wav,242.496,125e11699775f9a3d0b8dcf6c02c5c91c0fe6a7c296df23593b5ce03868670ec
55,"High Hopes (Official Video) [IPXIgEAGe4U]","Panic! At The Disco",american,holdout,test,0,"holdout/american/Panic! At The Disco - High Hopes (Official Video) [IPXIgEAGe4U].wav",mono8k/song_0055.wav,196.498875,9eaae20ee012905adb3efeb26e21b13d75317e659e31150f8992ae216b4dea9a
56,"Circles [wXhTHyIgQ_U]","Post Malone",american,holdout,dev,0,"holdout/american/Post Malone - Circles [wXhTHyIgQ_U].wav",mono8k/song_0056.wav,226.313375,d36e4f1a801c27deb10bf668e18eda56b259ff3425156aeefbe76efd74fbeb7e
57,"Fight Song (Official Video) [xo1VInw-SKc]","Rachel Platten",american,holdout,test,0,"holdout/american/Rachel Platten - Fight Song (Official Video) [xo1VInw-SKc].wav",mono8k/song_0057.wav,205.09025,29031b57c9274065c5f36f628a6695173228fdb9f6cfab9d0e55a2d4793c5b31
58,"Espresso [eVli-tstM5E]","Sabrina Carpenter",american,holdout,test,0,"holdout/american/Sabrina Carpenter - Espresso [eVli-tstM5E].wav",mono8k/song_0058.wav,200.53925,46d5816282cb7b7daa8e08b3dba67e2e503bc8fe07a6f809ec46ee5de8dcbc39
59,"Blank Space [e-ORhEE9VVg]","Taylor Swift",american,holdout,dev,0,"holdout/american/Taylor Swift - Blank Space [e-ORhEE9VVg].wav",mono8k/song_0059.wav,272.428125,223e3ae977c1768af773d3536e683b5419ef0188adf612ae2cd7863ab3937640
60,"Stressed Out [OFFICIAL VIDEO] [pXRviuL6vMY]","twenty one pilots",american,holdout,dev,0,"holdout/american/twenty one pilots - Stressed Out [OFFICIAL VIDEO] [pXRviuL6vMY].wav",mono8k/song_0060.wav,225.233625,5e72fece2dbd5d2072b47faa8caddfc89bfa08e72f4e4df77a49562479e5cee9
61,"Sa Bawat Sandali (Lyrics)","Amiel Sol",opm,holdout,dev,0,"holdout/opm/018 - Amiel Sol - Sa Bawat Sandali (Lyrics).wav",mono8k/song_0061.wav,304.63425,455de89c73c274e5c6baa4f071af237d59bc724ed599cc7b089234ce9aeca4ca
62,"Ikot (Official Lyric Video)","Over October",opm,holdout,dev,0,"holdout/opm/023 - Over October - Ikot (Official Lyric Video).wav",mono8k/song_0062.wav,254.049625,34cb933dbee2b9167cca95509a0da00da0c5d6c05ebe2db38938ed9b83d0be8b
63,"Falling In love (Music Video)","Darin feat. Eloise",opm,holdout,test,0,"holdout/opm/028 - Darin feat. Eloise - Falling In love (Music Video).wav",mono8k/song_0063.wav,120.801875,6885d12f623fb0828e29a70eae238d2820e76604b1ba2eeb1a910ca9a643e074
64,"Miss Miss","Rob Deniel",opm,holdout,test,0,"holdout/opm/030 - Rob Deniel - Miss Miss.wav",mono8k/song_0064.wav,266.3445,8daaafb26112c26d8c931dba807bedb3826f08c03bf8471c5b788fdfc587347b
65,"Leonora (Official Lyric Video)","SUGARCANE",opm,holdout,dev,0,"holdout/opm/036 - SUGARCANE - Leonora (Official Lyric Video).wav",mono8k/song_0065.wav,234.4055,7cde3e31a34cec5664ca58a6f6d7ee0fcc92962c08140ccc81a30489deb0fd2e
66,"MY THANG (Go Getta II) (Lyrics)","O SIDE MAFIA",opm,holdout,test,0,"holdout/opm/053 - O SIDE MAFIA - MY THANG (Go Getta II) (Lyrics).wav",mono8k/song_0066.wav,198.21725,6f7c1ba372758d57847e0a9d8280c8268d9ffc4b6209057dbb45d9531ae47503
67,"DARATING DIN｜ OFFICIAL LYRIC VIDEO","TJ Monterde",opm,holdout,test,0,"holdout/opm/068 - TJ Monterde - DARATING DIN｜ OFFICIAL LYRIC VIDEO.wav",mono8k/song_0067.wav,240.791,484cfddabd1322143670cb77a726d245ddb1a07f58f5db4e1c0181fe99f96154
68,"Arrowmance -  (Official Lyric Video)","Rob Deniel",opm,holdout,dev,0,"holdout/opm/069 - Rob Deniel - Arrowmance -  (Official Lyric Video).wav",mono8k/song_0068.wav,317.376,2c1cbb8fd44d7514455f920f7398d8b1c05c410214c5776d24def642fb28f747
69,"Kailan (Official Lyric Video)","Maki",opm,holdout,test,0,"holdout/opm/080 - Maki - Kailan (Official Lyric Video).wav",mono8k/song_0069.wav,253.6665,4cf2851365b6ca5301744d9dfce858d5750ad742dc5c38ae02c1daab2bccf747
70,"Mundo [Lyrics]","IV Of Spades",opm,holdout,dev,0,"holdout/opm/089 - IV Of Spades - Mundo [Lyrics].wav",mono8k/song_0070.wav,349.808625,7782396bae882276911ec52ef716741cbacb6802d1165dd4b6d93c79dc4262b8
71,"Since Day One (Lyrics) Ft. Flow G","Skusta Clee",opm,db,test,0,"opm/003 - Skusta Clee - Since Day One (Lyrics) Ft. Flow G.wav",mono8k/song_0071.wav,195.047625,ea176dd38f488726c29b24ebddff862d4b05ed1a33dd3724567968bfafd50e90
72,"Tensionado  (Official Lyric Visuals)","Soapdish",opm,db,test,0,"opm/007 - Soapdish - Tensionado  (Official Lyric Visuals).wav",mono8k/song_0072.wav,210.872125,5077a26ded347b8bf4553b355309c1f167b35b751b46786450befdd86435bfbd
73,"Naiilang (Official Lyric Video)","Le John",opm,db,test,0,"opm/008 - Le John - Naiilang (Official Lyric Video).wav",mono8k/song_0073.wav,247.106875,9a04d20f1afa94b1d389b5bd147091855129ee53efda74e10983271ccd1d351c
74,"Mundo (Lyrics)","IV Of Spades",opm,db,test,0,"opm/009 - IV Of Spades - Mundo (Lyrics).wav",mono8k/song_0074.wav,349.8435,3d682360f4e9b4b52c69f7063372f3d83e2fc230525a229d28683060bca3166e
75,"YK (Lyrics)","Cean Jr.",opm,db,test,0,"opm/014 - Cean Jr. - YK (Lyrics).wav",mono8k/song_0075.wav,170.469375,75e03a505823bc6f61e513779c554ad59a93b04872d2cea71e832d440a9db464
76,"BMW (Ft. leslie) Lyrics","Because",opm,db,test,0,"opm/015 - Because - BMW (Ft. leslie) Lyrics.wav",mono8k/song_0076.wav,166.76575,9b1c901fa9a048c8260ba5435ea90ca12fe22d62fd157e33e81ad6b9c0787fc3
77,"My Day (Lyrics)","HELLMERRY",opm,db,dev,0,"opm/017 - HELLMERRY - My Day (Lyrics).wav",mono8k/song_0077.wav,185.144375,5160b49baaba9898fad63a6dabe3b2d16c47c2ff2d592dda796b1782450e8f7b
78,"Para Sa Akin (Lyrics)","jasondhakal",opm,db,test,0,"opm/019 - jasondhakal - Para Sa Akin (Lyrics).wav",mono8k/song_0078.wav,195.512125,cb1981761aac367c47b85081d21e67902a31e6d7fcb43a7fc25431765106c126
79,"Marilag (Lyrics)","Dionela",opm,db,dev,0,"opm/020 - Dionela - Marilag (Lyrics).wav",mono8k/song_0079.wav,157.83775,133268bbd736e8ff5ca527d86a8382fd9f01d41b07d8f6902445e97fcbe89da0
80,"sining (Lyrics) ft. Jay R","Dionela",opm,db,test,0,"opm/022 - Dionela - sining (Lyrics) ft. Jay R.wav",mono8k/song_0080.wav,200.04,2fcfab6b6452287d92a1efc7dcfd3e0cf44d9e359d4745f94284cf7e08eee603
81,"Blink Twice_ Official Lyric Video","BINI",opm,db,test,0,"opm/026 - BINI - Blink Twice_ Official Lyric Video.wav",mono8k/song_0081.wav,157.62875,532890f692597a55467029e5f1cfa2be5956e9b7b108d04eb6244f17df34aef6
82,"Cherry On Top Official Lyric Video","BINI",opm,db,test,0,"opm/031 - BINI - Cherry On Top Official Lyric Video.wav",mono8k/song_0082.wav,176.05375,3f449cd355a8c72b4b33ea5551af8dcf9d145f82e7b1c46ab9b06d8f445316bd
83,"b4 i let u go (Official Lyric Video)","Ryouji ft. CK YG",opm,db,test,0,"opm/032 - Ryouji ft. CK YG - b4 i let u go (Official Lyric Video).wav",mono8k/song_0083.wav,195.26825,e86d214a13eb31579f4936aed7a722028f07bd73f7656bdcabca51bda35b8ea9
84,"RomCom (Lyrics)","Rob Deniel",opm,db,test,0,"opm/033 - Rob Deniel - RomCom (Lyrics).wav",mono8k/song_0084.wav,237.43575,ac748e32ab7095ac858de2f04fc861a06081c32f09dee4476e0a6fc1aaf0111c
85,"Sa Susunod Na Habang Buhay (Lyrics)","Ben & Ben",opm,db,test,0,"opm/037 - Ben & Ben - Sa Susunod Na Habang Buhay (Lyrics).wav",mono8k/song_0085.wav,288.287375,c232d9c0a4d756a92318d40487e44235f2137588555659b53022fb26dee02733
86,"GUSTO","ZACK TABUDLO FT. AL JAMES",opm,db,test,0,"opm/039 - ZACK TABUDLO FT. AL JAMES - GUSTO.wav",mono8k/song_0086.wav,258.07825,38732d4f732e8cbb6c4c5b65d6f036c7a42d96f30a1939fc4c7b4062e65360b4
87,"Namumula (Lyrics)","Maki",opm,db,test,0,"opm/042 - Maki - Namumula (Lyrics).wav",mono8k/song_0087.wav,175.484875,9596dc12ca1b7574e92b951b498baa8b2faa92bd180fffab74bb7c98b907a7ef
88,"Faded (Raw)  Lyrics ｜ (kaya ibalot mo na _yang raw)","Illest Morena",opm,db,test,0,"opm/045 - Illest Morena - Faded (Raw)  Lyrics ｜ (kaya ibalot mo na _yang raw).wav",mono8k/song_0088.wav,172.396625,0cf8deb7d70a53b222c934ccf12fa9dbe885e43322513b26c33c3501e62803e2
89,"Palagi (Lyric Video) ｜ @dhorynmarimon","TJ Monterde",opm,db,dev,0,"opm/046 - TJ Monterde - Palagi (Lyric Video) ｜ @dhorynmarimon.wav",mono8k/song_0089.wav,220.578,dad87f07055b00969a5c4a01432bc7a2f9cb475d1470ac28e2cd7fa9c894f046
90,"Makasarili Malambing (Lyrics) Kristina Dawn ＂ maintindihan mo sanang _di pa _ko handa＂","Hev Abi",opm,db,test,0,"opm/047 - Hev Abi - Makasarili Malambing (Lyrics) Kristina Dawn ＂ maintindihan mo sanang _di pa _ko handa＂.wav",mono8k/song_0090.wav,125.608375,6177d40f138e1e3886100342fd20379ef01cbfda351c6892b9ad652f3e64b778
91,"Nahuhulog (Lyrics)","Jed Baruelo",opm,db,test,0,"opm/048 - Jed Baruelo - Nahuhulog (Lyrics).wav",mono8k/song_0091.wav,227.2305,f6f5864d58c84bed0295b09faf2e9f652911f45e66fc076ac8a19f412e457804
92,"Oksihina (Official Lyric Video)","Dionela",opm,db,test,0,"opm/050 - Dionela - Oksihina (Official Lyric Video).wav",mono8k/song_0092.wav,204.045375,6bdbbbb6718721429e4df1714292394b68e0cd98e3c35c8c456ee6cadef8182b
93,"Paalam, Leonora (Official Lyric Visualizer)","SUGARCANE",opm,db,dev,0,"opm/051 - SUGARCANE - Paalam, Leonora (Official Lyric Visualizer).wav",mono8k/song_0093.wav,263.2215,87a4dde66fc99bbe01fe36e806abd02475add4311f0f051fd62950880f1e6ac5
94,"Get Low (Lyrics)","O Side Mafia",opm,db,test,0,"opm/054 - O Side Mafia - Get Low (Lyrics).wav",mono8k/song_0094.wav,154.67975,224d4fe596b85dd5c488b8c0c767606bdf64fb60d9072a6f94ec5d5756a53899
95,"Para Sa Streets (Official Lyric Video) (Prod. Noane)","Hev Abi",opm,db,test,0,"opm/060 - Hev Abi - Para Sa Streets (Official Lyric Video) (Prod. Noane).wav",mono8k/song_0095.wav,194.571625,21239caf1a07412151dde21b8835212f183e451a4ebac02ce9fb8e46d024315a
96,"Bad Type (Official Lyric Video)","Shanti Dope",opm,db,test,0,"opm/062 - Shanti Dope - Bad Type (Official Lyric Video).wav",mono8k/song_0096.wav,186.595625,0a8b8127aa1cc3f4e41df7ab5336cf8def0f362eb1072fc6f7d56a24b0c083d3
97,"Lalim (Official Lyric Video with Chords)","MATEO",opm,db,test,0,"opm/063 - MATEO - Lalim (Official Lyric Video with Chords).wav",mono8k/song_0097.wav,199.900625,14444c7652f19661404b993126bc66a42c4c36f5bfd6506ab9a30b51330fbebc
98,"Hirap Kalimutan (Official Lyric Video)","Jan Roberts",opm,db,dev,0,"opm/065 - Jan Roberts - Hirap Kalimutan (Official Lyric Video).wav",mono8k/song_0098.wav,185.81775,82927be592a0d7f6713aaf5f8b623bb527075d290ad9f90a830f2f2f63276d0c
99,"Misteryoso  (Official Lyric Video)","Cup of Joe",opm,db,test,0,"opm/066 - Cup of Joe - Misteryoso  (Official Lyric Video).wav",mono8k/song_0099.wav,237.377625,49347979c661464a0a765e54d5bc794bc89b6ea79ca0d1a254b2e12f3a1dbe30
100,"Through the Years (From ＂Lolo and the Kid＂) Official Audio","juan karlos",opm,db,dev,0,"opm/067 - juan karlos - Through the Years (From ＂Lolo and the Kid＂) Official Audio.wav",mono8k/song_0100.wav,241.417875,b3ec14656a7ce178b051c6691f83bec024a45fdd63eac4991ee907410b99da7e
101,"Sandal (Official Lyric Video)","James Reid",opm,db,test,0,"opm/071 - James Reid - Sandal (Official Lyric Video).wav",mono8k/song_0101.wav,226.46425,232b7da4f0b410f362f65743f49834fc3699af210f07c0823574e93369be30e9
102,"Yiee (Official Music Video and Lyric Visualizer)","Dilaw",opm,db,test,0,"opm/072 - Dilaw - Yiee (Official Music Video and Lyric Visualizer).wav",mono8k/song_0102.wav,233.8715,834918b0506a854b870b86909adeb52ddb2509f6bc09cbfb7f55c76c3cefb042
103,"Migraine (Lyrics)","Moonstar88",opm,db,test,0,"opm/074 - Moonstar88 - Migraine (Lyrics).wav",mono8k/song_0103.wav,279.684375,4f73c3adbbde43020d1c136875a8be9b3a440498792d2a89088d1f7aa153ed5d
104,"Karera (Lyrics)","BINI",opm,db,dev,0,"opm/076 - BINI - Karera (Lyrics).wav",mono8k/song_0104.wav,287.497875,456ab249e68102825a8b80fd02decccc6c808dfcb0a5c1ea6b53e7be6991c5cf
105,"Huling Sandali (Lyric Video)","December Avenue",opm,db,test,0,"opm/077 - December Avenue - Huling Sandali (Lyric Video).wav",mono8k/song_0105.wav,341.646875,336a1c5ff9f59c1e6fe9bc42bc953ab3c2be9d3fe2415f839265778b3f999c2f
106,"Sumugal feat. Unotheone, LK","Hev Abi",opm,db,test,0,"opm/078 - Hev Abi - Sumugal feat. Unotheone, LK.wav",mono8k/song_0106.wav,182.1025,6b3d858870d7fe7fc89a50ba12756f0289fc1a3c33d95d837ed57829c7207e46
107,"IMMA FLIRT ft. Lucky (Official Lyric Video)","Nateman",opm,db,test,0,"opm/082 - Nateman - IMMA FLIRT ft. Lucky (Official Lyric Video).wav",mono8k/song_0107.wav,198.867375,3b3d5d8db07be7537e312c277325092f8327b030b3845f670d0fed9bd0e2f904
108,"Gitara (Lyrics)","Parokya ni Edgar",opm,db,test,0,"opm/083 - Parokya ni Edgar - Gitara (Lyrics).wav",mono8k/song_0108.wav,243.809625,3be4f09de47cbb3877fb2b4719683ffb26565b2415f7c398d74fb45269a43bdb
109,"Alam Mo Ba Girl (Lyrics)","Hev Abi",opm,db,test,0,"opm/084 - Hev Abi - Alam Mo Ba Girl (Lyrics).wav",mono8k/song_0109.wav,222.017625,de2fcbfec9b47b14197b0cc1048bab9b7f5b402f1b4e6f5ea17d22bd5fa00c02
110,"ILY ft. Bugoy Na Koykoy (Lyric Video)","YB Neet",opm,db,test,0,"opm/085 - YB Neet - ILY ft. Bugoy Na Koykoy (Lyric Video).wav",mono8k/song_0110.wav,179.049125,a0210017096648b1d3bfa7cd90ed8844ca62d61ea2452b1b386bb70b5e9147e5
111,"Pa-Umaga (Lyrics)","Al James",opm,db,dev,0,"opm/086 - Al James - Pa-Umaga (Lyrics).wav",mono8k/song_0111.wav,189.09175,930d4d4a2bbeec7c94908e906344811b0bf9122fd3c7b47e5aceb8d0a6a83f7f
112,"‘First Luv’ Official Music Video","BINI",opm,db,test,0,"opm/087 - BINI - ‘First Luv’ Official Music Video.wav",mono8k/song_0112.wav,211.719625,ab773423212ead6e922d43d54881fb02147b3845f835a6cfd97527b259263155
113,"Oo (Lyrics)","Up Dharma Down",opm,db,test,0,"opm/091 - Up Dharma Down - Oo (Lyrics).wav",mono8k/song_0113.wav,247.373875,10b8be3cadd6b33c9659b61586b6430a04b30433620c78cd2506165df4036ffb
114,"Kisame (Lyrics)","rhodessa",opm,db,test,0,"opm/092 - rhodessa - Kisame (Lyrics).wav",mono8k/song_0114.wav,244.053375,f6757dfde1fadf55665e407865dc6d35aee6a83c6944bb69f8bfebac44f27dc9
115,"Kung Wala Ka (Lyrics)","Hale",opm,db,test,0,"opm/093 - Hale - Kung Wala Ka (Lyrics).wav",mono8k/song_0115.wav,239.676375,e6e270ed70dfbfc031485c1ad257fe774334e228666f613158040708420d31df
116,"Lifetime (Reimagined)","Ben&Ben",opm,db,test,0,"opm/095 - Ben&Ben - Lifetime (Reimagined).wav",mono8k/song_0116.wav,277.861625,a2567ca75fcd6a4e7409e090674f24eebce2311ce4cc52b521b76a9ecae50714
117,"DAM_ Music Video","SB19",opm,db,test,0,"opm/096 - SB19 - DAM_ Music Video.wav",mono8k/song_0117.wav,301.511125,7241adbc376e337a0343b1592403ca1ec137db5adef22c73bd0807147dcf0da8
118,"Kahel na Langit (Official Music Video)","Maki",opm,db,test,0,"opm/097 - Maki - Kahel na Langit (Official Music Video).wav",mono8k/song_0118.wav,237.633125,2023c18e3e9b4e46858f1151fbd6eefa68ee1fd87c0a15b7424e50cd8c33b0f5
119,"Sweet Tooth’ Official Music Video","BINI",opm,db,dev,0,"opm/098 - BINI - Sweet Tooth’ Official Music Video.wav",mono8k/song_0119.wav,187.234125,ce9c4e642397b51fa792668dec4dad436d70a18ab3bc60e7f22a7a201a080d21
120,"Kalimutan Ka (Lyrics)","Skusta Clee",opm,db,dev,0,"opm/100 - Skusta Clee - Kalimutan Ka (Lyrics).wav",mono8k/song_0120.wav,321.074,05d9cfacea204d5d4c0ee75a1b6387f4f888e428a48c38572e433faa818201cf
