songID,action,nPeaks,nHashes,densityPerSec,durationSec,elapsedSec,errMsg
1,extracted,4350,62066,14.8669789871486,292.59475,0.1746981,
2,extracted,3763,51252,14.7668520862152,254.8275,0.1563337,
3,extracted,3003,41421,15.0987508838086,198.890625,0.1305489,
4,extracted,2397,33974,14.7608633904262,162.388875,0.0989834,
5,extracted,3017,42194,14.5630247841733,207.1685,0.121277,
6,extracted,3249,47946,14.8176103353858,219.266125,0.1307128,
7,extracted,2609,37824,14.6626886138659,177.934625,0.109034,
8,extracted,1913,27116,15.1344936708861,126.4,0.0776668,
9,extracted,2986,42851,14.8950431955006,200.469375,0.1173436,
10,extracted,4203,60244,15.539170966928,270.47775,0.1615892,
11,extracted,3105,40241,13.2653262848382,234.068875,0.1368804,
12,extracted,3385,49620,14.6888757260362,230.4465,0.1411298,
13,extracted,3573,52078,14.9220538810182,239.44425,0.1398682,
14,extracted,2644,42253,16.5975624684166,159.3005,0.0953074,
15,extracted,4682,64171,14.8387901885552,315.524375,0.1856223,
16,extracted,3409,52876,15.8152918655515,215.550875,0.1244215,
17,extracted,2973,40939,14.1939372599805,209.455625,0.1186641,
18,extracted,3428,47256,14.277027646123,240.106,0.1345766,
19,extracted,3417,48623,14.8756984547471,229.7035,0.1299157,
20,extracted,3142,47329,15.4037918723182,203.97575,0.1224581,
21,extracted,3275,47627,14.8208319804139,220.97275,0.1280153,
22,extracted,2610,36076,14.4477673079132,180.65075,0.1051227,
23,extracted,4261,62561,14.9070582874375,285.83775,0.1638049,
24,extracted,3658,54953,15.6831136425511,233.2445,0.135602,
25,extracted,2897,41951,15.1026906066295,191.820125,0.1127836,
26,extracted,3723,52635,15.0699001715248,247.04875,0.139588,
27,extracted,5101,70059,14.5518291236988,350.540125,0.1995767,
28,extracted,3410,53050,15.626342530803,218.22125,0.1302666,
29,extracted,2405,35578,14.496105866779,165.906625,0.0982385,
30,extracted,3873,56344,14.302913022926,270.784,0.1525075,
31,extracted,3253,49804,16.3090752759332,199.4595,0.1202476,
32,extracted,2870,41852,15.1128593582564,189.9045,0.1181009,
33,extracted,3581,50400,14.4971540074652,247.014,0.1393581,
34,extracted,3195,46368,14.9278138578704,214.03,0.1249399,
35,extracted,2402,34299,14.8575175203657,161.669,0.1008399,
36,extracted,5692,79554,14.4150714992105,394.8645,0.2662462,
37,extracted,4038,59175,16.0618927814958,251.4025,0.1457674,
38,extracted,4076,59619,15.2447490983961,267.37075,0.1527509,
39,extracted,2872,37210,13.8794416810942,206.92475,0.1239554,
40,extracted,4066,55599,14.9358586419793,272.23075,0.1559499,
41,extracted,4165,63361,15.65004764998,266.133375,0.1569064,
42,extracted,3581,52698,14.8225030099801,241.592125,0.1392546,
43,extracted,4011,58203,14.6104450475973,274.529625,0.1536783,
44,extracted,3761,56789,15.2315922906517,246.921,0.1427965,
45,extracted,3329,49415,15.2811830637762,217.849625,0.1322973,
46,extracted,3386,51206,15.5727026986629,217.43175,0.1279052,
47,extracted,3415,48773,14.3870647017686,237.366,0.1373481,
48,extracted,2716,41041,15.6082647370882,174.010375,0.1025783,
49,extracted,3335,49429,15.3052736649476,217.89875,0.1264718,
50,extracted,3424,50439,15.1996395412585,225.2685,0.1320328,
71,extracted,3002,44549,15.3911128115505,195.047625,0.1114135,
72,extracted,3029,43124,14.3641555279058,210.872125,0.1183191,
73,extracted,3686,52405,14.9166226152146,247.106875,0.152948,
74,extracted,5365,76202,15.3354285559114,349.8435,0.2323077,
75,extracted,2482,35348,14.5597999640698,170.469375,0.1045761,
76,extracted,2565,37439,15.3808560810598,166.76575,0.1027542,
77,extracted,2776,42065,14.9937042375714,185.144375,0.1095877,
78,extracted,2693,35723,13.7740817864877,195.512125,0.1092079,
79,extracted,2383,35377,15.097782374622,157.83775,0.093138,
80,extracted,2917,41330,14.5820835832833,200.04,0.110997,
81,extracted,2359,33896,14.9655440393964,157.62875,0.0925521,
82,extracted,2580,35875,14.6546154228467,176.05375,0.1036932,
83,extracted,3072,46180,15.7322042882035,195.26825,0.1162673,
84,extracted,3491,49997,14.7029248965246,237.43575,0.1398718,
85,extracted,4251,58562,14.7457029639262,288.287375,0.1719752,
86,extracted,3960,57270,15.3441834017396,258.07825,0.1516644,
87,extracted,2700,40405,15.385941380988,175.484875,0.1075395,
88,extracted,2578,36755,14.9538890335005,172.396625,0.1053186,
89,extracted,3071,42426,13.9225126712546,220.578,0.1340411,
90,extracted,1873,27076,14.9114260892237,125.608375,0.0759555,
91,extracted,3475,51066,15.292841409934,227.2305,0.1386129,
92,extracted,2880,38771,14.1145076187098,204.045375,0.125315,
93,extracted,3787,53437,14.3871226324597,263.2215,0.162045,
94,extracted,2368,34127,15.3090498271429,154.67975,0.0921276,
95,extracted,2789,37190,14.3340530768554,194.571625,0.1238744,
96,extracted,2856,40791,15.3058250963815,186.595625,0.1077282,
97,extracted,2711,35703,13.5617384888116,199.900625,0.1162115,
98,extracted,2798,39820,15.0577649336514,185.81775,0.1119897,
99,extracted,3527,53134,14.8581821896651,237.377625,0.1371745,
100,extracted,3252,42189,13.4704192885469,241.417875,0.1421285,
101,extracted,3524,52304,15.5609549851687,226.46425,0.1334835,
102,extracted,3590,55161,15.3503098923982,233.8715,0.1366069,
103,extracted,3975,56534,14.2124493011095,279.684375,0.1566279,
104,extracted,4444,64607,15.4575055554758,287.497875,0.1758498,
105,extracted,5301,79286,15.5160207451041,341.646875,0.2500423,
106,extracted,2671,37110,14.6675635974245,182.1025,0.1258051,
107,extracted,3097,44931,15.5731929382585,198.867375,0.1394896,
108,extracted,3475,46143,14.2529237719799,243.809625,0.1414541,
109,extracted,3413,48481,15.3726534098363,222.017625,0.1287112,
110,extracted,2758,42690,15.4035938461023,179.049125,0.1049688,
111,extracted,2889,40966,15.2782974402638,189.09175,0.1142057,
112,extracted,2988,40062,14.1130044038194,211.719625,0.1247058,
113,extracted,3746,55105,15.1430703828365,247.373875,0.141896,
114,extracted,3537,52328,14.4927313543605,244.053375,0.1444338,
115,extracted,3530,51672,14.7281933815963,239.676375,0.1529095,
116,extracted,4232,63288,15.2306026425923,277.861625,0.1719145,
117,extracted,4481,63704,14.861806508798,301.511125,0.1888111,
118,extracted,3721,57476,15.6585913685224,237.633125,0.1481969,
119,extracted,2730,36513,14.580675397714,187.234125,0.1364538,
120,extracted,4822,70844,15.0183446806655,321.074,0.3835444,
